{"objective": "multiclass", "num_class": 10, "learning_rate": 0.06435218111142486, "lambda_l1": 1.433532882656931, "lambda_l2": 9.44668917104915, "bagging_freq": 4, "min_child_samples": 44, "max_depth": -1, "random_state": 0, "num_boost_round": 1000, "verbosity": -100}